,company,job title,location,job description,salary estimate,company_size,company_type,company_sector,company_industry,company_founded,company_revenue
0,"Stefanini, Inc
3.8",Data Engineer,"Dallas, TX","Stefanini is looking for a Data Engineer in Dallas, TX (hybrid role). W2 only. US Citizens only
For quick apply, please reach out to Vishal Sharma- Vishal.sharma@stefanini.com / 248.263.5616

The team is is looking for a versatile Data Engineer who will provide data and report development services or technical support. You will develop, test, and maintain data or report solutions (data warehouse/mart/stores/data lake/reporting/analytics) using tools and programming languages. You will also develop data set processes and assist with design and identify ways to improve data reliability, efficiency, and quality. As the Data Engineer you will work independently, receive minimal guidance, and have accountability for their work and work of junior members.

Responsibilities:






Show More
Report",Employer Provided Salary:$60.00 - $65.00 Per Hour,10000+ Employees,Subsidiary or Business Segment,Information Technology,Information Technology Support Services,1987,$1 to $5 billion (USD)
1,Sonitalent Corp,Python Data Engineer,Remote,"Job Description
Strong Python Experience
Strong AWS Experience
Strong Data engineering experienceEMR, PySpark, Redshift, Glue
Serverless experienceLambda, step functions
ContainerizationECS with Fargate
Java, Spring, Spring boot
UIJSP, Angular
Show More
Report",Employer Provided Salary:$50.00 - $55.00 Per Hour,Unknown,Company - Public,N/A,N/A,N/A,Unknown / Non-Applicable
2,N/A,N/A,N/A,N/A,N/A,N/A,N/A,N/A,N/A,N/A,N/A
3,"Garda Capital Partners
4.3",Data Engineer,"New York, NY","Garda Capital Partners (Garda) is a multi-billion dollar alternative investment firm with over 19 years of experience deploying relative value strategies across fixed income markets for institutional investors. Garda has offices in Wayzata, New York City, West Palm Beach, Geneva, Zug, Copenhagen, and Singapore.

Garda is looking to hire a Data Engineer to be a part of our Research and Technology (R&T) team based out of our New York office.
The R&T team is responsible for all of the firm's applications & infrastructure including data management, analytics, portfolio and risk management. The selected candidate will be experienced in processing and manipulating data, developing scalable and performant data delivery systems, data APIs and platforms. This position requires proficiency and experience in software development using Python. While prior business knowledge is not mandatory, capital markets related experience will be a plus.
Show More
Report",$105K - $148K (Glassdoor est.),51 to 200 Employees,Company - Private,Financial Services,Investment & Asset Management,N/A,$5 to $25 million (USD)
4,"Kalani Consulting
5.0",Jr. Data Engineer,Remote,"JR. DATA ENGINEER
REMOTE

Overview
Kalani Consulting, Inc, a recipient of the “Best and brightest companies to work for in the Nation,” in 2022, is a fast-growing small business located in Northern Virginia with an increasing base of government customers. We specialize in Information Technology, and Management Consulting. We offer very competitive salaries and benefits and are an employee-focused company. Join us and experience The Aloha Spirit!


Show More
Report",N/A,1 to 50 Employees,Company - Private,Government & Public Administration,National Agencies,N/A,Unknown / Non-Applicable
5,"GVEC
4.8",Data Engineer,"Seguin, TX","Who We Are
GVEC is a member-owned cooperative that is proud to provide Electric, Internet, and Beyond the Meter services to the Guadalupe Valley area and beyond. With the mission of exceeding the expectations of those we serve, we are looking for talented professionals interested in providing value for our customers and coworkers. GVEC wants team members who can deliver the unexpected through attitude, results, and a willingness to continuously develop themselves, their department, and our organization.

What We Are Looking For
GVEC is looking to hire a Data Engineer to join our dedicated Analytics and Data Science team! As a Data Engineer, you will play a key, hands-on role across multiple business segments providing technical support and expertise for data-enabled products, solutions, delivery models, business models and end-to-end data solutions. The Data Engineer identifies necessary source or processed data for analysis, data acquisition, data storage, data cleaning and data preparation. They make data available in the form needed for analysis and visualization, starting with data as it is stored in native systems, data warehouses, and other sources. The Data Engineer collaborates with industry and solutions teams to identify opportunities to design and deliver data and analytics capabilities and offerings that stay on top of emerging data trends and methodologies.


Show More
Report",Employer Provided Salary:$100K - $140K,201 to 500 Employees,Self-employed,"Energy, Mining & Utilities",Energy & Utilities,1938,Unknown / Non-Applicable
6,"HYR Global Source Inc
4.7",Junior Data Engineer,"Dallas, TX","Job Title - Junior Data Engineer
Location - Dallas TX Hybrid ( No Relocation )
Tax Term (W2, C2C) - W2 / C2C

Position Type(Contract/permanent) - Contract
Project Duration - Long term 12+ months



Job description -
The candidate needs to be hungry to learn and will be working with the Data team, looking for someone who is willing to learn and is motivated to grow within.
Show More
Report",$73K - $107K (Glassdoor est.),51 to 200 Employees,Company - Private,Information Technology,Information Technology Support Services,2013,Unknown / Non-Applicable
7,Kommforcesolutions,Data Engineer,"Dallas, TX","Job title: Data Engineer ( USC GC )
Location: Dallas, TX ( Hybrid )
Client: Southwest Airlines
Looking for strong experience with Abinitio and AWS.
Job Type: Contract
Salary: $65.00 - $70.00 per hour
Work Location: On the road
Show More
Report",Employer Provided Salary:$65.00 - $70.00 Per Hour,N/A,N/A,N/A,N/A,N/A,N/A
8,"Tellus solutions
3.7",Data Engineer,"Sunnyvale, CA","Job Description:
The role will be responsible for expanding and optimizing our data and data pipeline architecture, as well as optimizing data flow and collection for cross functional teams.
The ideal candidate is an experienced data pipeline builder and data wrangler who enjoy optimizing data systems and building them from the ground up.
The Data Engineer will support our software developers, database architects, and data analysts and data scientists on data initiatives and will ensure optimal data delivery architecture is consistent throughout ongoing projects. They must be self-directed and comfortable supporting the data needs of multiple teams, systems and products.
The right candidate will be excited by the prospect of optimizing or even re-designing our data architecture to support our next generation of products and data initiatives.
Show More
Report",Employer Provided Salary:$70.00 Per Hour,51 to 200 Employees,Company - Private,Information Technology,Information Technology Support Services,2006,$5 to $25 million (USD)
9,"Clairvoyant
4.0",Senior Data Engineer,Remote,"Job Type:W2/CTC/FTE
Location:Remote
Required Skills:
Python, Pyspark/Spark, SQL, Data Lake (on prem and cloud) AWS, DBT, Airflow, Datawarehouse (Redshift).
Job Summary:
The Senior Data Engineer’s role is to play a lead role in developing a high-performance data platform, integrating data from a variety of internal and external sources, to support data and analytics activities. This is a technical role that involves defining changes to the warehouse data model and building scalable and efficient processes to populate or modify warehouse data. The successful candidate will have hands-on data processing and data modeling experience in on-prem and cloud environments. Responsibilities ·Be a technical lead in the development of high-volume platforms to drive decisions and have a tangible beneficial impact on our clients and on business results. ·Design and implement efficient data pipelines (ETLs) to integrate data from a variety of sources into Data Warehouse. ·Design and implement data model changes that align with warehouse standards. ·Design and implement backfill or other warehouse data management processes. ·Develop and execute testing strategies to ensure high quality warehouse data. ·Provide documentation, training, and consulting for data warehouse users. ·Perform requirement and data analysis to support warehouse project definition. ·Provide input and feedback to support continuous improvement in team processes. ·Experience in working both, On-Prem, and AWS Cloud. ·Responsible for leading the team onsite and offshore with technical leadership and guidance.
Show More
Report",Employer Provided Salary:$120K - $130K,501 to 1000 Employees,Company - Private,Information Technology,Information Technology Support Services,2012,Unknown / Non-Applicable
10,"Land Intelligence Inc
2.0",Data Engineer,Remote,"Who We Are
Land Intelligence is a software technology company serving the commercial real estate industry. We focus on Land Development. We have been recognized as an industry technology leader in providing solutions on a national scale. Our team are visionaries that see a better, faster, and more valuable way to research, finance, and trade land.

Our Culture
We are entrepreneurs first. Which means we manage the people, processes and product. We create new ways of doing things to drive value. We are builders and growth minded. Our leadership team has been recognized as a Best Places to work in the industry nationally. Our team drives for personal and professional development, as personal growth is instrumental to our success. Your learning will be supported by specialized in-house training programs and mentoring by the industry’s leading experts, many of whom are our investors and strategic partners.
Land Intelligence is seeking a savvy Data Engineer to join our growing team and help us continue to enhance our SaaS platform, LandSUITE®. The hire will be responsible for expanding and optimizing our data and data pipeline architecture to support product development and internal tools. The ideal candidate is an experienced data pipeline builder and data wrangler who enjoys optimizing data systems and building them from the ground up. They must be self-directed and comfortable supporting the data needs of multiple teams, systems, and products. The right candidate will be excited by the prospect of re-designing our company's data architecture to support our next generation of products and data initiatives.
We are a startup, but this isn't our first time doing this. As a result, you can get the thrill of working at a startup, with the resources of a publicly traded company. We offer a best-in-class benefits package, as we are a Professional Employment Organization (PEO) with our partner Insperity that includes medical, vision, dental and life insurance. Our 401 (k) program offers an employer match, along with a 401(k)-profit sharing and performance-based bonuses. • Generous paid time off

Land Intelligence is an EOE/Affirmative Action Employer M/F/D/V. If you are interested in applying for employment and need special assistance to apply for a posted position, please send an e-mail to careers@landintelligence.net.
Show More
Report",N/A,1 to 50 Employees,Company - Public,N/A,N/A,N/A,Unknown / Non-Applicable
11,"RD Digital Solutions
4.3",Data Engineer,Remote,"Role - Data Engineer
Experience - 10 + years
Location - Remote
Data Engineering + Data Analyst (More focus on Data Modeling, data visualization, BI and decent work experience in Data Engineering with Snowflake, Databricks on AWS.)
Communication and Collaboration:
Excellent verbal and written communication skills.
Ability to present technical concepts to both technical and non-technical audiences.
Strong interpersonal skills and the ability to work effectively in a team.
Adaptability and willingness to learn and keep up with emerging technologies.
Show More
Report",N/A,1 to 50 Employees,Company - Public,N/A,N/A,N/A,$1 to $5 million (USD)
12,N/A,N/A,N/A,N/A,N/A,N/A,N/A,N/A,N/A,N/A,N/A
13,"Zartico, Inc.",Data Engineer,Remote,"Welcome to Zartico. We know applying for and taking on a new role at any company requires a leap of faith. Here are a few things about Zartico we think you should know:

Zartico’s Purpose: We believe tourism is a force for good because it builds connection, understanding, and appreciation of our world’s cultures, history and natural resources. We believe data and the right metrics allow us to make better decisions because transparent data helps focus on the right issues, problems and therefore, solutions, to be better stewards of our world's most precious destinations.
Zartico’s Mission: Zartico’s mission is to empower DMOs to be better stewards of the world’s tourist destinations through improved data intelligence and decision-making. Makers of the first Destination Intelligence Platform, Zartico harnesses and streamlines complex data to provide a full-spectrum of data science, benchmarking and analytical services for use in marketing, community development and sustainability efforts. Based in Salt Lake City, Utah, Zartico has over thirty years of experience in technology, tourism, and destination and travel marketing.










Show More
Report",N/A,51 to 200 Employees,Company - Private,Information Technology,Enterprise Software & Network Solutions,2019,Unknown / Non-Applicable
14,"ACE Scholarships
3.5",Data Engineer,"Denver, CO","Position: Data Engineer
About ACE Scholarships
ACE is a 501(c)(3) non-profit, founded in 2000 in Denver, Colorado, to provide low-income children with equal access to quality K-12 private schools through partial scholarship support. Over the past 22 years, ACE has provided more than 50,000 scholarships worth over $138 million. This school year, ACE is serving approximately 10,500 children Arkansas, Colorado, Kansas, Louisiana, Missouri, Montana, New Mexico, Texas, Utah, and Wyoming, and is actively pursuing other expansion opportunities with support of a national funding partner. For more information visit the ACE website at www.acescholarships.org.
Our Mission is to provide children of lower-income families with scholarships to private schools in grades K-12, and to advocate for expanded school choice.





Show More
Report",Employer Provided Salary:$90K - $110K,1 to 50 Employees,Nonprofit Organization,N/A,N/A,N/A,Unknown / Non-Applicable
15,"Alert Innovation
3.8",Data Engineer,"Andover, MA","Alert Innovation, now powered by Walmart, is a fast-growing venture on a mission to reinvent retail through robotics. We've partnered with Walmart to develop our Alphabot® technology, which is currently being deployed at stores throughout North America.
We're looking for a Data Scientist / Engineer to join our Performance Intelligence Team. You'll play a hands-on role in the development of the data pipelines, transforming data, and creating dashboards for visualization, making data accessible, scalable, and actionable. The ideal candidate possesses a strong aptitude for data, enjoys problem-solving, and effectively manages priorities.
WHAT YOU'LL DO:
Create data models, reports & analyses to support business needs and convert raw data into meaningful insights through interactive and easy-to-understand dashboards and reports.
Show More
Report",$68K - $96K (Glassdoor est.),201 to 500 Employees,Company - Private,Information Technology,Enterprise Software & Network Solutions,2016,$5 to $25 million (USD)
16,"Energy Solutions
3.9",Graduate Data Engineer Co-Op,Remote,"Interested in joining a growing company where you will work with talented colleagues, enhance a supportive and energetic culture, and be part of the climate solution? At Energy Solutions we focus on achieving impactful environmental change. We believe that market-based programs can deliver energy abundance, carbon reduction and water-use conservation. For nearly thirty years we’ve harnessed that power to offer performance-based solutions for utilities, government and institutional customers.
Energy Solutions is currently seeking a Graduate Data Engineer Co-Op. The Graduate Data Engineer Co-Op role is part of the BizOps Team, works on the Corporate Operational Data Warehouse (CODW) project to help build a system that enables ES to centralize, integrate, and analyze internal data from various sources such as Salesforce, Unanet and SharePoint. The goal is to provide a single source of truth for ES internal data and enable data-driven decision making across the organization.
Show More
Report",Employer Provided Salary:$35.00 - $40.00 Per Hour,10000+ Employees,Company - Public,"Energy, Mining & Utilities",Energy & Utilities,2008,$25 to $100 million (USD)
17,Cypher Consulting Europe,Client Data Engineer,"New York, NY","For years, data discovery, ingestion, and operations have been expensive, time-consuming, and frustrating for data teams looking to harness large quantities of data. Our client is solving this challenge by enabling enterprises with tools and operations services that facilitate the onboarding and delivery of any dataset to end customers how, and where, they want it. In their lingo, they’re ushering in the third generation of ETL with data mesh capabilities for enterprises.

They are one of the fastest-growing technology companies, with a strong culture focused on learning, collaboration and open-mindedness. Founded in 2017 by a seasoned team of data professionals, backed by industry powerhouses, including Goldman Sachs, Morgan Stanley, and Two Sigma.

This position requires you to be within commuting distance of NYC for regular client-facing meetings.

We are currently looking for a client-facing Data Engineer with a strong background in managed services. This role requires an individual with an obsession for data quality, who is comfortable writing Python scripts and libraries, experienced in dealing with financial datasets, and proficient in SQL and database management. Experience with Google Cloud Platform would be a significant plus.

Tasks

Requirements

Benefits

The team brings together technology experts, industry veterans, and entrepreneurial builders connected by our common goal to build technology solutions that simplify major data bottlenecks.

The compensation package includes equity and a highly competitive salary. They offer a flexible work environment with generous vacation, parental leave, team events/lunch stipend, comprehensive benefits, and more!
Show More
Report",N/A,N/A,N/A,N/A,N/A,N/A,N/A
18,"Apptad Inc
4.4",Azure Data Engineer,Remote,"Job Title: Azure Data Engineer
Job Location: Remote
Job Duration: Long-Term
Job Description
Snowflake- data masking
Snowflake-security
Snowflake- data ingestion from diff sources
Snowflake- data model, scalability
Fivetran- as orchestration

Show More
Report",Employer Provided Salary:$65.00 - $70.00 Per Hour,201 to 500 Employees,Company - Private,Information Technology,Information Technology Support Services,2013,$25 to $100 million (USD)
19,"Elder Research Inc
4.4",Data Engineer,"Raleigh, NC","Data Engineer
Location: Charlottesville, VA, Arlington, VA, Raleigh, NC, Atlanta, GA, Philadelphia, PA

At Elder Research Inc., a recognized leader in data science and machine learning solutions, we pride ourselves in our ability to find creative, cutting-edge solutions to real-world problems. We are looking for innovative and inquisitive self-starters who enjoy understanding a problem space and building fast, efficient, and tractable data infrastructure to deliver real value for our clients.

As a member of the Elder Research team, you will join a functional team of accomplished Data Scientists, Software Engineers, and Data Engineers that deliver custom analytic solutions. Some of your responsibilities will include: wrangling and fusing large and disparate data sets, assisting in the deployment of models and algorithms, automating the entire data pipeline, and communicating model results through user-focused data visualizations.







Show More
Report",$83K - $112K (Glassdoor est.),51 to 200 Employees,Company - Private,Management & Consulting,Business Consulting,1995,$5 to $25 million (USD)
20,"Cambium Learning Group
4.3",Data Integration Engineer,Remote,"Job Overview:
We are seeking an experienced Data Integration Engineer to work with district IT personnel to understand the best integration methods and sync data to the Lexia programs. The Data Integration Engineer will manage our customer experiences by increasing their knowledge of Lexia products and data integration, ensuring the most efficient process possible.
Job Responsibilities:
Handles complex data integration cases
Integrates student information systems to Lexia programs
Provides technical support to customers via phone, chat, email, video conferencing, and other channels
Provides roster services and data integrations support, Lexia product support, networking,
Show More
Report",N/A,1001 to 5000 Employees,Company - Private,Education,Primary & Secondary Schools,2004,$500 million to $1 billion (USD)
21,"WinWire
3.9",Data Engineer,"Franklin, TN","Labor Condition Application Posting Information
H-1B non-immigrant workers are being sought by WinWire Technologies, Inc. through the filing of a labour condition application with the Employment and Training Administration of the U.S. Department of Labour.
Employment Information:
1. Location of Employment (City, State):
1. Bottom Line Systems, LLC dba Revecore – 6840 Carothers Pkwy, #150, Franklin, TN 37067
2. 4859 Autumn Glory Way, Chantilly, VA 20151

2. H-1B Job Title:
Data Engineer






Show More
Report",Employer Provided Salary:$100K,501 to 1000 Employees,Company - Private,Information Technology,Information Technology Support Services,2006,Unknown / Non-Applicable
22,conglomerate IT,Data Engineer,Remote,"This Data Engineer (Cloud Analytics) will be supporting - data sourcing strategies, designs, implementation and integrating data from various sources in support of predictive and adaptive analytics.
Hands-on experience creating automated data pipelines using modern technology stacks for batch ETL, data streaming, or change data capture, and for data processing to load advanced analytics data repositories
Proficient in designing and implementing data integration processes in a large, distributed environment using cloud services e.g., Azure Event Hub, Data Factory, Data Catalog, Databricks, Stream Analytics, Apache Spark
Experience in designing data lake storage structures, data acquisition, transformation, and distribution processing
Show More
Report",Employer Provided Salary:$55.00 - $60.00 Per Hour,N/A,N/A,N/A,N/A,N/A,N/A
23,Haslam Sports Group,Junior Data Engineer,"Berea, OH","Cleveland Browns Job Opportunity

Descriptions
The Haslam Sports Group Business Analytics group works closely with the Cleveland Browns and Columbus Crew in various non-football areas of the business, by providing access to information and insights to help optimize overall business-related operations of each club. Haslam Sports Group is seeking an entry level, full-time junior data engineer candidate. The primary duties of this candidate include maintaining ETL processes, developing reports and/or maintaining the quality of data. The ideal candidate will have a minimum of 0-2 years of experience in the below duties & qualifications.

Qualifications
Education/Experience
Skills
Practical Experience/Duties
Show More
Report",$60K - $87K (Glassdoor est.),Unknown,Company - Private,"Arts, Entertainment & Recreation",Sports & Recreation,N/A,Unknown / Non-Applicable
24,"Health New England
3.4",Data Engineer,"Springfield, MA","Purpose
Contributes to the overall success of the IT Department ensuring specific individual goals, plans, initiatives are executed / delivered in support of the team’s business strategies and objectives. Ensures all activities conducted are in compliance with governing regulations, internal policies and procedures.

The Data Engineer will be responsible for expanding and optimizing data, data pipeline architecture, and data flows. The ideal candidate is an experienced data pipeline builder and data wrangler who enjoys optimizing data systems and building them from the ground up in a hybrid, multi-cloud environment. This individual will support our software developers, database architects, data analysts, and data scientists on data initiatives and will ensure optimal data delivery architecture is consistent throughout ongoing projects. This individual will be a crucial contributor to data governance activities in ensuring data standards, semantics, structures, and models are employed during data ingestion, transformation, processing, and consumption. This individual will collaborate with data governance stakeholders such as data stewards, data custodians, and data subject area experts to ensure existing data standards are kept up-to-date and new standards are incorporated through governance process.









Show More
Report",$76K - $102K (Glassdoor est.),201 to 500 Employees,Subsidiary or Business Segment,Nonprofit & NGO,Grantmaking & Charitable Foundations,1985,$100 to $500 million (USD)
25,"Clairvoyant Inc.
4.4",AWS Data Engineer,"Newark, NJ","Location: Work from Office twice a week from NJ
Position - AWS Data Engineer
Type: Full time
NOTE: W2 Candidates only can apply
Experience - 7+
Job Description:
· 6+ years of experience as a Data Engineer on the AWS Stack
· Solid experience with AWS services such as Cloud Formation, S3, Athena, Glue, Glue Data Brew, EMR/Spark, RDS, Redshift, Data Sync, DMS, DynamoDB, Lambda, Step Functions, IAM, KMS, SM, Event Bridge, EC2, SQS, SNS, Lake Formation, Cloud Watch, Cloud Trail
Show More
Report",Employer Provided Salary:$100K - $120K,51 to 200 Employees,Company - Private,Pharmaceutical & Biotechnology,Biotech & Pharmaceuticals,N/A,Unknown / Non-Applicable
26,"OTG Management
2.9",Data Engineer,"New York, NY","YOUR NEXT OPPORTUNITY IS NOW BOARDING:
Join OTG as the Data Engineer – FLO Solutions now and drive a new type of hospitality. Explore career opportunities in a unique hospitality environment with some of the industry's best compensation and benefits, including PTO, Healthcare, and a competitive 401k match.

WHAT IS OTG?
OTG has revolutionized the hospitality industry by pushing the boundaries of excellence. With more than 300 in-terminal dining and retail locations across 11 airports, OTG, and its 5,000+ Crewmembers serve millions of travelers each year.

WHY OTG?
By joining our team, you’ll discover endless opportunities to explore, learn and realize your greatest potential in some of the most exciting hospitality environments around. Our people drive our experiences, so we offer our crewmembers some of the best compensation and benefits in the industry.
We transform airport experiences. You drive it.

ROLE AND RESPONSIBILITIES


The Data Engineer – FLO Solutions will be directly responsible for developing, integrating, and maintaining all data pipelines and data consumption streams in OTG data platforms, and will be accountable for the on-time, on-budget delivery of software to support the OTG product roadmap. We focus on utilizing our data to provide business value. This is an exciting opportunity because of the wealth of data available and the countless ways in which it can be applied. The role will own data science projects, such as a recommendation engine, from end to end.


QUALIFICATIONS AND REQUIREMENTS
$100,000 - $140,000 per year

OTG Concessions Management, LLC and its subsidiaries and affiliates are proud to be an equal-opportunity workplace and employer. We are committed to equal employment opportunity regardless of race, color, ancestry, religion, sex, national origin, sexual orientation, age, citizenship, marital status, disability status, gender identity, veteran status, or any other basis protected by law.
Show More
Report",Employer Provided Salary:$100K - $140K,5001 to 10000 Employees,Company - Private,Restaurants & Food Service,Restaurants & Cafes,1996,$1 to $5 billion (USD)
27,"Greenphire
3.9",Data Engineer,"King of Prussia, PA","We know why you are reading about this opportunity. You are driven to achieve goals. You are looking to make a direct impact. You want to work in a culture where your co-workers work as part of a diverse team, communicate across departments, and have a positive attitude. If we had to guess, you are innovative with great ideas, want to bring efficiencies to processes, and are looking to grow your career. Are we right? If so, let’s talk about who we are.

Who We Are:
Greenphire is a leading provider of clinical payment and communication solutions. We provide software as a service (SaaS) to reduce costs, increase participant retention, and produce quantifiable results for our clients in the clinical trial industry. Our vibrant culture focuses on four key values: All In, As a Team, For a Purpose, Solving Problems.

We are a multi-year recipient of the Philadelphia Business Journal’s Best Places to Work award, and love to give shout-outs and awards to our employees. Our For A Purpose committee champions philanthropic activities throughout the year so employees can give back to our community. We have a diversity committee that focuses on breaking down barriers, recognizing that our uniqueness is what makes us so successful!





Show More
Report",$76K - $109K (Glassdoor est.),201 to 500 Employees,Company - Private,Information Technology,Software Development,2008,$25 to $100 million (USD)
28,AVS Solutions INC,Data Engineer,"Alpharetta, GA","ONLY H1B
The ideal candidate is an experienced data pipeline builder and data wrangler.
Responsibilities:
Data acquisition and ingestion - Identify data sources and build pipelines using various ETL tools such as but not limited to, SSIS, and Alteryx.
Data sources including but not limited to SQL Server, SAP, Teradata, Hadoop\Hive, PostgreSQL, Oracle, and flat files.
Identifying ways to improve data reliability, efficiency, and quality by various data solution techniques.
Expertise in Data project management with JIRA stories. Work as a liaison between business and IT to ensure successful and timely completion of the projects.
Show More
Report",Employer Provided Salary:$55.00 - $60.00 Per Hour,Unknown,Company - Public,N/A,N/A,N/A,Unknown / Non-Applicable
29,AppsIntegration.Inc,Azure Data Engineer,Remote,"Must have ADF, Azure SQL, Spark
1) Support and refine Constellation’s data and analytics technology stack with an emphasis on improving reliability, scale, and availability. ADF, Spark
2) Assist in the design and management of enterprise grade data pipelines and data stores that will used for developing sophisticated analytics programs, machine learning models, and statistical methods.
3) Experience delivering data solutions via Agile methodologies and designing CI/CD workflows.
PRIMARY DUTIES AND ACCOUNTABILITIES

Show More
Report",Employer Provided Salary:$74K - $121K,N/A,N/A,N/A,N/A,N/A,N/A
30,"FiberSense
5.0",Data Engineer,"Oakland, CA","Why join us: Our benefits
Global team and remote role
Inclusive and flexible work culture
Motivated and vibrant team
Small team, large career growth opportunities
Opportunities and support to learn and receive mentoring
Fast growing start-up with unique, highly technical and exciting product
We are making the world safer and more sustainable
Our technology is one of a kind – there is no one else in the world doing what we're doing
Show More
Report",Employer Provided Salary:$141K - $155K,1 to 50 Employees,Company - Public,N/A,N/A,N/A,Unknown / Non-Applicable
31,"KAYAK
4.7",Data Analytics Engineer,"Concord, MA","KAYAK, part of Booking Holdings (NASDAQ: BKNG), is the world's leading travel search engine. With billions of queries across our platforms, we help people find their perfect flight, stay, rental car, cruise, or vacation package. We're also transforming the in-travel experience with our app and new accommodation software. For more information, visit www.KAYAK.com.
As an employee of KAYAK, you will be part of a global network that includes OpenTable and KAYAK's portfolio of metasearch brands including Swoodoo, checkfelix, momondo, Cheapflights, Mundi and HotelsCombined. Many employees are dedicated to one brand, but we all have the benefit of using each others strengths and insights. Together, we're able to help people experience the world through dining and travel.
In this role, you will:
Create dashboards, reports, and data visualizations to share insights into product performance;
Show More
Report",$99K - $134K (Glassdoor est.),1001 to 5000 Employees,Subsidiary or Business Segment,Information Technology,Internet & Web Services,2004,$100 to $500 million (USD)
32,"Lumin Digital
4.9",Data Engineer,Remote,"The Data Engineer designs, implements, and maintains the software and infrastructure for the Lumin Analytics data pipeline. Lumin Analytics is a data analysis platform that allows financial institutions to gain insights about digital banking metrics and user engagement from the Lumin Digital banking solution. Lumin Analytics streams and enriches data from the digital banking platform and provides dashboards and reporting to help financial institutions understand, predict, and influence customer behavior. The Data Engineer will also participate in project planning and setting MVP goals for the Lumin Analytics. They will ensure that the Lumin Analytics product is scalable, sustainable and that cost effective solutions are provided.

Stack:
Change Data Capture with Debezium from Amazon Aurora Mysql to Amazon MSK (Kafka).
ksqlDB for SQL-like data transformation and enrichment during streaming








Show More
Report",Employer Provided Salary:$150K - $200K,51 to 200 Employees,Company - Private,Financial Services,Banking & Lending,2016,Unknown / Non-Applicable
33,"Wavicle Data Solutions
4.7",Sr. Data Engineer,"Oak Brook, IL","A BIT ABOUT WAVICLE

Wavicle Data Solutions leverages Cloud, Data & Analytics technologies to deliver complex business & digital transformation solutions to our clients. As a Minority Business Enterprise (MBE) with a 40%+ women workforce, Wavicle fosters a diverse & equitable environment where innovative professionals come together as a team and enable our clients to realize their goals in their transformation journey. Our team members collaborate by infusing their creative problem solving skills, agile working & tech know-how to drive value for our clients.

At Wavicle, a Top Workplace award winner, you’ll find a challenging and rewarding work environment where our 500+ team members based in US, India Canada work from 42 cities in a remote/hybrid, digitally connected way. We offer a competitive benefits package that includes: healthcare, retirement, life insurance, short/long-term disability, unlimited paid time off, short-term incentive plans (annual bonus) and long-term incentive plans.








Show More
Report",$80K - $109K (Glassdoor est.),201 to 500 Employees,Company - Private,Management & Consulting,Business Consulting,2013,Unknown / Non-Applicable
34,"Ventera
4.2",Data Engineer,"Reston, VA","Ventera’s mission is to be a growing business technology consulting firm recognized for earning the loyalty of customers and employees by committing to their success. Ventera delivers innovative business and technology solutions to unique customer challenges, to help our clients achieve meaningful results. Our team brings expertise and serves as a trusted adviser to our clients in the areas of Management Consulting, Software Engineering, and Data Solutions. Walking through Ventera, you will find a highly engaged and collaborative workforce. We strive to make Ventera a fun place to work, as well as a place where you will want to stay and build your professional career. Come join us!
We are hiring for a Data Engineer to join one of our long term projects supporting a commercial client. This position is remote.

Required Skills:
BS Degree in Computer Science or related field.
5+ years of experience in Data Engineering.
Hands-on and strong experience with Python, PySpark, and SQL, with demonstrated experience working in a data-centric environment.
Experience working with Big data and distributed computing, storage and pipelines.
Experience working with Snowflake. Querying data, exporting data, SF Task/Streams development, creating tables and views .
Proven success manipulating, processing, and extracting value from complex, disconnected datasets.
Good communication skills and experience working cross functionally across teams.


Experience with Palantir Foundry Tool (preferred).
Experience working in Azure cloud environment.


Inclusive culture, providing a great work/life balance
Flexible work schedules
100% paid medical, dental & vision coverage for employee
5 weeks of PTO & unlimited sick leave
Bi-annual bonus structure
Career coach development program
Educational benefits for trainings, conferences, certifications, tuition etc.

All qualified applicants will receive consideration for employment without regard to race, color, religion, sex, sexual orientation, gender identity, national origin, disability or protected veteran status.
Show More
Report",$97K - $130K (Glassdoor est.),201 to 500 Employees,Company - Private,Management & Consulting,Business Consulting,1996,$25 to $100 million (USD)
35,"Hermitage Infotech
3.5",Data Engineer,"Cupertino, CA","Hi,

Given below is the urgent req for my client.. If you are comfortable with it, available and looking for a project please send me your profile immediately in word document along with your expected hourly salary on CTC/1099 or yearly salary on W2. Please mention your work authorization and your availability to start the project.
Position: Data Engineer

Duration: Long Term

Location: CA

From Day 1 onsite


Experience with Advance SQL, Snowflake, Tableau, Python is a must. ETL experience is also preferred. Should be able to work in a fast paced environment. Perform effectively under dynamic conditions such as directional changes, tight deadlines.

Years of experience - 3 - 7 years of experience.

Regards
Varma
732-338-7524
Show More
Report",N/A,1 to 50 Employees,Company - Private,Information Technology,Information Technology Support Services,N/A,$1 to $5 million (USD)
36,avansait,Data Engineer,"Jersey City, NJ","Job Title : Data Engineer/Bigdata Developer
Location : Jersey City NJ
Duration : 12 months contract with possible extension
Required Skills:
6-8 years of experience working with ‘Big Data’ technologies such Hadoop, Spark
Hands-on development experience using functional programming constructs utilizing languages Scala/Python with scalable Hadoop/Spark integrated solutions
Extensive experience designing and implementing complex solutions for distributed systems

Show More
Report",Employer Provided Salary:$65.00 - $68.00 Per Hour,501 to 1000 Employees,Company - Public,N/A,N/A,N/A,Unknown / Non-Applicable
37,"Carrum Health
4.8",Data Engineer,Remote,"At Carrum, we are passionate about transforming the healthcare system to create an unmatched experience for patients. If you want to thrive in an entrepreneurial, cutting-edge environment while participating in the end of surprise bills, poor quality, and high prices, we would love to connect with you.
Carrum Health has invented a unique Center of Excellence (CoE) model, which lowers healthcare costs while providing access to the highest quality surgeons. Carrum uses a plethora of private and public data sources to identify the best surgeons and surgical locations for effective, low-cost surgeries. We then form novel contracts based on fixed-cost procedure ""bundles"" rather than ""fee-for-service""-based itemized costs. These bundles greatly simplify billing and help to align economic incentives with patient outcomes for provider organizations.
Carrum has bundled over 80 procedures and demonstrated savings up to 45% on a per-procedure basis. We pass these savings along to patients by partnering with self-insured employers (covering 61% of all individuals with employer-backed healthcare) and providing our surgical bundles for their employee population. Our bundles are often free to employees and include a care expert to guide patients through every step of surgery via our unique digital health platform.

Show More
Report",Employer Provided Salary:$140K - $180K,51 to 200 Employees,Company - Private,Healthcare,Health Care Services & Hospitals,2014,Unknown / Non-Applicable
38,"MASS MUTUAL FINANCIAL GROUP
4.0",Data Engineer,"Boston, MA","At MassMutual, we’re passionate about helping millions of people find financial freedom and this passion has driven our approach to developing highly interactive digital experiences for our customers. To help us achieve our mission, we are looking to hire data engineers for our Data Management and Engineering team.

What great looks like in this role
Our ideal Data Engineer is someone who is passionate about data.
You enjoy building data projects from the ground up and are equally comfortable working with business
partners to understand requirements as you are developing and delivering robust solutions that meet the highest standards.
Learning new technologies and working in the cloud excite you.
You are team oriented and a strong communicator.





Show More
Report",Employer Provided Salary:$105K - $138K,5001 to 10000 Employees,Company - Private,Insurance,Insurance Carriers,1851,$10+ billion (USD)
39,"Spiff
4.5",Data Engineer- US,Remote,"Spiff (https://spiff.com), recently named one of the most innovative Fintech companies, is on a mission to inspire, enable, and reward peak business performance. Why? Commission plans are used by modern companies to reward and drive good behavior using more advanced rules or combinations of rules such as quota attainment, accelerators, and other types of variable earnings. Great Commission plans motivate Salespeople to sell more to the right companies. In order to help companies and reps to reach their full potential, we take the manual labor and complexity of current commission processes and completely automate them. Finance teams used to spend hours each month trying to prepare commissions, communicate them to their reps, deal with discrepancies, and then get those paid on time. Spiff automates that full process. We connect to the client's systems; CRM, ERP & Payroll to reduce the work and amount of errors. Spiff gives powerful, real-time data and insights to reps, managers, and executives about their commissions.




Show More
Report",N/A,201 to 500 Employees,Company - Private,Information Technology,Computer Hardware Development,2017,Unknown / Non-Applicable
40,"Idaho Central Credit Union
4.5",Data Engineer,"Chubbuck, ID","Overview:
The Data Engineer is responsible for architecting, managing, optimizing, overseeing, and monitoring data retrieval, storage, and distribution. This role is responsible for the technical aspects and enhancements of the data integration tools, enterprise data warehouse, data lake, and enterprise reporting tools.

Responsibilities:
Duties and Responsibilities:
Work closely with team members and BI Analysts to turn data into critical information and knowledge that can be used to make sound business decisions.
Responsible for architecting, configuring, analyzing, and maintaining all data structures used for BI analytics and reporting.
Ensure all data sources are accurate, congruent, reliable, and secure.
Qualifications:







Show More
Report",$66K - $95K (Glassdoor est.),1001 to 5000 Employees,Nonprofit Organization,Financial Services,Banking & Lending,1940,$25 to $100 million (USD)
41,Tail Wind Informatics,Data Engineer,Minnesota,"About Us:
Tail Wind is an IT Consulting Services company—Microsoft Solutions Partner—that delivers Data Architecture and Business Intelligence solutions. We offer cloud and on-premise Data Architecture, ETL Development, Data Migration, Reporting and Dashboard solutions. We’ve established an excellent reputation providing these services to awesome customers! We are building a talented crew of data savvy individuals for local and national projects in data. We offer excellent compensation (salary, bonus, benefits). Most importantly, our people have an incredible opportunity to build their skills in a team environment.

We are currently seeking candidates for our Data Engineer position to do the following:
Responsibilities
Using Data Science techniques to preform predictive modeling services.
Show More
Report",Employer Provided Salary:$100K - $140K,1 to 50 Employees,Company - Public,N/A,N/A,N/A,Unknown / Non-Applicable
42,"Decision Point Healthcare
5.0",Junior Data Engineer,"Boston, MA","Boston, MA
Full-Time

We need your help.
We’re looking for a self-motivated and detail-oriented data engineer to join our DataOps team. This opportunity will enable you contribute to the operation, support, and enhancement of our mission critical data operations platform and the development of data pipelines. Our data operations platform supports high volume, high velocity data ingestion and curation to support our existing, and rapidly expanding, health plan client base.
What you’ll do:
Show More
Report",$83K - $119K (Glassdoor est.),1 to 50 Employees,Company - Public,N/A,N/A,2013,Less than $1 million (USD)
43,"JSR Tech Consulting
5.0",Data Engineer,"Newark, NJ","We are looking for an astute, determined professional like you to fulfill a Data Engineering role within our Technology Solutions Group. As a Cloud Data Engineer Developer, you will be responsible for designing, developing, and maintaining data pipelines and data infrastructure on cloud platforms. You will work closely with cross-functional teams to ensure the efficient extraction, transformation, loading, and analysis of data from various sources into our cloud-based data systems.
Your Impact:
Cloud Data Architecture: Design and implement scalable and efficient data architectures on cloud platforms such as Amazon Web Services (AWS) and Microsoft Azure. Define data storage, processing, and integration patterns that meet business requirements and ensure optimal performance.
Data Pipeline Development: Develop and maintain robust and scalable data pipelines to extract, transform, and load (ETL) data from diverse sources into cloud-based data systems. Implement data integration workflows, data transformations, and error handling mechanisms to ensure data accuracy and reliability.


Show More
Report",$85K - $122K (Glassdoor est.),51 to 200 Employees,Company - Private,Information Technology,Information Technology Support Services,2015,$5 to $25 million (USD)
44,"Recruiting From Scratch
3.9",Data Engineer,Remote,"Who is Recruiting from Scratch:
Recruiting from Scratch is a premier talent firm that focuses on placing the best product managers, software, and hardware talent at innovative companies. Our team is 100% remote and we work with teams across the United States to help them hire. We work with companies funded by the best investors including Sequoia Capital, Lightspeed Ventures, Tiger Global Management, A16Z, Accel, DFJ, and more.
From Our Client
Location: New York / Remote
Job Type: Full-time
Experience: 3+ years










Show More
Report",Employer Provided Salary:$150K - $200K,1 to 50 Employees,Company - Private,Human Resources & Staffing,Staffing & Subcontracting,2019,$1 to $5 million (USD)
45,"Lucid Motors
3.2",Cloud Data Engineer,"Newark, CA","Leading the future in luxury electric and mobility
At Lucid, we set out to introduce the most captivating, luxury electric vehicles that elevate the human experience and transcend the perceived limitations of space, performance, and intelligence. Vehicles that are intuitive, liberating, and designed for the future of mobility.
We plan to lead in this new era of luxury electric by returning to the fundamentals of great design – where every decision we make is in service of the individual and environment. Because when you are no longer bound by convention, you are free to define your own experience.
Come work alongside some of the most accomplished minds in the industry. Beyond providing competitive salaries, we’re providing a community for innovators who want to make an immediate and significant impact. If you are driven to create a better, more sustainable future, then this is the right place for you.

We are looking for a top-notch Python developer with hands-on experience to join our Infrastructure and Cloud team. As a Cloud Developer, you will work within a newly formed team to expand the capabilities of departmental tooling using fault-tolerant and scalable solutions for multiple customers.







Show More
Report",$116K - $157K (Glassdoor est.),5001 to 10000 Employees,Company - Public,Manufacturing,Transportation Equipment Manufacturing,2007,Unknown / Non-Applicable
46,N/A,N/A,N/A,N/A,N/A,N/A,N/A,N/A,N/A,N/A,N/A
47,N/A,N/A,N/A,N/A,N/A,N/A,N/A,N/A,N/A,N/A,N/A
48,N/A,N/A,N/A,N/A,N/A,N/A,N/A,N/A,N/A,N/A,N/A
49,N/A,N/A,N/A,N/A,N/A,N/A,N/A,N/A,N/A,N/A,N/A
50,N/A,N/A,N/A,N/A,N/A,N/A,N/A,N/A,N/A,N/A,N/A
51,N/A,N/A,N/A,N/A,N/A,N/A,N/A,N/A,N/A,N/A,N/A
52,N/A,N/A,N/A,N/A,N/A,N/A,N/A,N/A,N/A,N/A,N/A
53,N/A,N/A,N/A,N/A,N/A,N/A,N/A,N/A,N/A,N/A,N/A
54,N/A,N/A,N/A,N/A,N/A,N/A,N/A,N/A,N/A,N/A,N/A
55,N/A,N/A,N/A,N/A,N/A,N/A,N/A,N/A,N/A,N/A,N/A
56,N/A,N/A,N/A,N/A,N/A,N/A,N/A,N/A,N/A,N/A,N/A
57,N/A,N/A,N/A,N/A,N/A,N/A,N/A,N/A,N/A,N/A,N/A
58,"N J Malin & Associates
3.7",Data Engineer,"Addison, TX","Data Engineer Duties and Responsibilities
Assemble large, complex sets of data that meet non-functional and functional business requirements
Identifying, designing and implementing internal process improvements including re-designing infrastructure for greater scalability, optimizing data delivery, and automating manual processes
Building required infrastructure for optimal extraction, transformation and loading of data from various data sources using AWS and SQL technologies
Building analytical tools to utilize the data pipeline, providing actionable insight into key business performance metrics including operational efficiency and customer acquisition
Show More
Report",$87K - $129K (Glassdoor est.),501 to 1000 Employees,Company - Private,Transportation & Logistics,Shipping & Trucking,1971,$100 to $500 million (USD)
59,"Akraya Inc.
4.8",Sr. Data Engineer,"Boston, MA","JOB RESPONSIBILITIES
Design analytical solutions for business users that provide the data needed to operate the business.
Design, develop, implement, test, document, and operate large-scale, high-volume, high-performance data structures for analytics platform.
Implement data ingestion routines both real time and batch using best practices in data modeling, ETL/ELT processes.
Participate in technical decisions and collaborate with talented peers.
Review code, implementations and give meaningful feedback that helps others build better solutions.
Monitor and troubleshoot data mart issues and perform regular backups and disaster recovery procedures.
Show More
Report",Employer Provided Salary:$90.00 - $100.00 Per Hour,201 to 500 Employees,Company - Private,Human Resources & Staffing,Staffing & Subcontracting,2001,$25 to $100 million (USD)
60,"Hermitage Infotech
3.5",Data Engineer,"Cupertino, CA","Hi,

Given below is the urgent req for my client.. If you are comfortable with it, available and looking for a project please send me your profile immediately in word document along with your expected hourly salary on CTC/1099 or yearly salary on W2. Please mention your work authorization and your availability to start the project.
Position: Data Engineer

Duration: Long Term

Location: CA

From Day 1 onsite


Experience with Advance SQL, Snowflake, Tableau, Python is a must. ETL experience is also preferred. Should be able to work in a fast paced environment. Perform effectively under dynamic conditions such as directional changes, tight deadlines.

Years of experience - 3 - 7 years of experience.

Regards
Varma
732-338-7524
Show More
Report",N/A,1 to 50 Employees,Company - Private,Information Technology,Information Technology Support Services,N/A,$1 to $5 million (USD)
61,"Malin USA
3.7",Data Engineer,"Addison, TX","***NO SPONSORSHIP AT THIS TIME***
Data Engineer Duties and Responsibilities
· Assemble large, complex sets of data that meet non-functional and functional business requirements
· Identifying, designing and implementing internal process improvements including re-designing infrastructure for greater scalability, optimizing data delivery, and automating manual processes
· Building required infrastructure for optimal extraction, transformation and loading of data from various data sources using AWS and SQL technologies
Show More
Report",$87K - $129K (Glassdoor est.),501 to 1000 Employees,Company - Private,Transportation & Logistics,Shipping & Trucking,1971,$100 to $500 million (USD)
62,"NucleusTeq
4.8",Data Engineer,Remote,"Data Engineer
Role Info:
Hands on BI Data Engineer role with strong
Creating KPI Dashboards - Interactive Dashboards using tableau / Quicksight
Top Skills:
BI Tableau / AWS Quicksight exp is a must
AWS (IAM, RDS, S3, Lambda) exp is a must
SQL exp is a must
Show More
Report",N/A,201 to 500 Employees,Company - Private,Information Technology,Information Technology Support Services,2018,$5 to $25 million (USD)
63,"Kyocera International, Inc.
3.2",Data Engineer,"Vancouver, WA","Kyocera International, Inc. is looking for an experienced Data Engineer in our Vancouver, WA facility!
If you have the experience noted below and want to work with an innovative team and a great company, apply today! To find out what Kyocera is all about, check out our profile video!
Look at these PERKS and see why Kyocera is a great team to be on!
Competitive pay, benefits, and hours
120 hours of vacation accrued per year to start (that's 3 weeks/year for regular 8-hour shifts!), accruals grow based on years with the company
No cap on vacation accruals – employees can save with no limit and even cash it out
10 Paid Holidays per year







Show More
Report",Employer Provided Salary:$104K - $131K,10000+ Employees,Company - Public,Manufacturing,Electronics Manufacturing,1959,$10+ billion (USD)
64,"Idaho Central Credit Union
4.5",Data Engineer,"Chubbuck, ID","Overview:
The Data Engineer is responsible for architecting, managing, optimizing, overseeing, and monitoring data retrieval, storage, and distribution. This role is responsible for the technical aspects and enhancements of the data integration tools, enterprise data warehouse, data lake, and enterprise reporting tools.

Responsibilities:
Duties and Responsibilities:
Work closely with team members and BI Analysts to turn data into critical information and knowledge that can be used to make sound business decisions.
Responsible for architecting, configuring, analyzing, and maintaining all data structures used for BI analytics and reporting.
Ensure all data sources are accurate, congruent, reliable, and secure.
Qualifications:







Show More
Report",$66K - $95K (Glassdoor est.),1001 to 5000 Employees,Nonprofit Organization,Financial Services,Banking & Lending,1940,$25 to $100 million (USD)
65,"Meta
3.9","Data Engineer, Product Analytics","Redmond, WA","As a highly collaborative organization, our data engineers work cross-functionally with software engineering, data science, and product management to optimize growth, strategy, and experience for our 3 billion plus users, as well as our internal employee community. In this role, you will see a direct correlation between your work, company growth, and user satisfaction. Beyond this, you will work with some of the brightest minds in the industry, and you'll have a unique opportunity to solve some of the most interesting data challenges with efficiency and integrity, at a scale few companies can match.


Data Engineer, Product Analytics Responsibilities:
Manage and execute data warehouse plans for a product or a group of products to solve well-scoped problems













Show More
Report",Employer Provided Salary:$109K - $166K,10000+ Employees,Company - Public,Information Technology,Internet & Web Services,2004,$10+ billion (USD)
66,"FiberSense
5.0",Data Engineer,"Oakland, CA","Why join us: Our benefits
Global team and remote role
Inclusive and flexible work culture
Motivated and vibrant team
Small team, large career growth opportunities
Opportunities and support to learn and receive mentoring
Fast growing start-up with unique, highly technical and exciting product
We are making the world safer and more sustainable
Our technology is one of a kind – there is no one else in the world doing what we're doing
Show More
Report",Employer Provided Salary:$141K - $155K,1 to 50 Employees,Company - Public,N/A,N/A,N/A,Unknown / Non-Applicable
67,N/A,N/A,N/A,N/A,N/A,N/A,N/A,N/A,N/A,N/A,N/A
68,"ConnectiveRx
3.1",Data Engineer,"Hanover, NJ","ConnectiveRx is a leading, technology-enabled healthcare services company. We work strategically with hundreds of biopharmaceutical manufacturers to help commercialize and maximize the benefits of specialty and branded medications. Our mission is to simplify how patients get on and stay on therapy. We fulfill our mission by providing our customers with innovative services such as patient and provider messaging, the design and operation of copay, vouchers and patient affordability programs, and hub services, all of which accelerate speed-to-therapy and help improve outcomes for manufacturers, healthcare providers and patients.

ConnectiveRx was formed in 2015 by bringing together the industry-leading business of PSKW, PDR/LDM, Careform (2017) and The Macaluso Group (2018) to advance our technology-driven expertise in providing state-of-the-art commercialization solutions. To learn more about our company, visit ConnectiveRx.com

Job Description


The Data Engineer helps to continue building out the new Enterprise Data Platform. You must have a strong understanding and demonstrated experience with data streaming architectures that leverage microservice and message-oriented integration patterns and practices within AWS cloud native technologies. You will help to scale data ingestion pipelines which are at the core of our Enterprise Data Platform and supports the client reporting as well as our internal analytics and operational teams.

Why work with us?
#LI-BJ1

This employer (hereafter the Company) is an equal opportunity employer and does not discriminate in recruitment, hiring, training, promotion, or other employment policies on the basis of age, race, sex, color, religion, national origin, disability, veteran status, genetic information, or any other basis that is prohibited by federal, state, or local law. No question in this application is intended to secure information to be used for such discrimination. In addition, the Company makes reasonable accommodation to the needs of disabled applicants and employees, so long as this does not create an undue hardship on the Company or threaten the health or safety of others at work. This application will be given every consideration, but its receipt does not imply that the applicant will be employed.
Show More
Report",$84K - $115K (Glassdoor est.),1001 to 5000 Employees,Company - Private,Pharmaceutical & Biotechnology,Biotech & Pharmaceuticals,2015,Unknown / Non-Applicable
69,"MyFitnessPal
4.2",Data Engineer 2,Remote,"At MyFitnessPal, our vision is to be the global catalyst for every ""body"" to achieve their healthy. We believe good health starts with what you eat. We provide the tools and resources to reach your fitness goals.
We are looking for a Data Engineer to join the MyFitnessPal Data Engineering team. Our users rely on MyFitnessPal to power their health and fitness journeys every day. As a member of our MyFitnessPal Engineering team, you'll have the opportunity to positively impact those users with your expertise in the backend systems that drive the MyFitnessPal ecosystem. In addition to technical expertise, you'll find that your teammates value collaboration, mentorship, and inclusive environments.
What you'll be doing:



Show More
Report",N/A,51 to 200 Employees,Company - Private,Information Technology,Internet & Web Services,2005,$100 to $500 million (USD)
70,"MongoDB
4.4",Data Engineer,"New York, NY","The worldwide data management software market is massive (IDC forecasts it to be $137.6 billion by 2026!). At MongoDB we are transforming industries and empowering developers to build amazing apps that people use every day. We are the leading modern data platform and the first database provider to IPO in over 20 years. Join our team and be at the forefront of innovation and creativity.
MongoDB is growing rapidly and seeking a Data Engineer to be a key contributor to the company's Internal Data Platform. You will build ETL pipelines that pull data into our Data Lake/Warehouse and that will be used to drive forward our growth as a product and as a company. You will take on complex data-related problems using very diverse data sets, and will work with stakeholder groups throughout the company to help them make better data-informed decisions.
This role is based out of our New York City office.
Show More
Report",$102K - $147K (Glassdoor est.),1001 to 5000 Employees,Company - Public,Information Technology,Enterprise Software & Network Solutions,2007,Unknown / Non-Applicable
71,"JSR Tech Consulting
5.0",Data Engineer,"Newark, NJ","We are looking for an astute, determined professional like you to fulfill a Data Engineering role within our Technology Solutions Group. As a Cloud Data Engineer Developer, you will be responsible for designing, developing, and maintaining data pipelines and data infrastructure on cloud platforms. You will work closely with cross-functional teams to ensure the efficient extraction, transformation, loading, and analysis of data from various sources into our cloud-based data systems.
Your Impact:
Cloud Data Architecture: Design and implement scalable and efficient data architectures on cloud platforms such as Amazon Web Services (AWS) and Microsoft Azure. Define data storage, processing, and integration patterns that meet business requirements and ensure optimal performance.
Data Pipeline Development: Develop and maintain robust and scalable data pipelines to extract, transform, and load (ETL) data from diverse sources into cloud-based data systems. Implement data integration workflows, data transformations, and error handling mechanisms to ensure data accuracy and reliability.


Show More
Report",$85K - $122K (Glassdoor est.),51 to 200 Employees,Company - Private,Information Technology,Information Technology Support Services,2015,$5 to $25 million (USD)
72,"Carrum Health
4.8",Data Engineer,Remote,"At Carrum, we are passionate about transforming the healthcare system to create an unmatched experience for patients. If you want to thrive in an entrepreneurial, cutting-edge environment while participating in the end of surprise bills, poor quality, and high prices, we would love to connect with you.
Carrum Health has invented a unique Center of Excellence (CoE) model, which lowers healthcare costs while providing access to the highest quality surgeons. Carrum uses a plethora of private and public data sources to identify the best surgeons and surgical locations for effective, low-cost surgeries. We then form novel contracts based on fixed-cost procedure ""bundles"" rather than ""fee-for-service""-based itemized costs. These bundles greatly simplify billing and help to align economic incentives with patient outcomes for provider organizations.
Carrum has bundled over 80 procedures and demonstrated savings up to 45% on a per-procedure basis. We pass these savings along to patients by partnering with self-insured employers (covering 61% of all individuals with employer-backed healthcare) and providing our surgical bundles for their employee population. Our bundles are often free to employees and include a care expert to guide patients through every step of surgery via our unique digital health platform.

Show More
Report",Employer Provided Salary:$140K - $180K,51 to 200 Employees,Company - Private,Healthcare,Health Care Services & Hospitals,2014,Unknown / Non-Applicable
73,"Buchanan And Edwards Inc
4.0",Data Engineer - 2023-3781,"Lorton, VA","Create data tools for analytics and data scientist team members that assist them in building and optimizing the product into an innovative industry leader
Create and maintain optimal data pipeline architecture
Assemble large, complex datasets that meet functional / non-functional business requirements
Identify, design, and implement internal process improvements: automating manual processes, optimizing data delivery, re-designing infrastructure for greater scalability, etc.
Build the infrastructure required for optimal extraction, transformation, and loading of data from a wide variety of data sources using SQL and AWS/Azure ‘big data’ technologies
Show More
Report",Employer Provided Salary:$119K - $143K,201 to 500 Employees,Company - Private,Information Technology,Information Technology Support Services,1998,$25 to $100 million (USD)
74,"Celonis SE
3.8",Junior Data Engineer,"Raleigh, NC","We're Celonis, the global leader in execution management and process mining technology, and one of the 50 most valuable private companies in the world. We believe that every company can unlock its full execution capacity - and for that, we need you to join us.

The Financial Platform Group is part of our Data & Analytics org within Finance Planning and Analytics (FP&A). This team's charter is focused on the acquisition, processing, cleansing, and storing of our internal company data sourced from multiple business systems into a central, internal data environment. As a Junior Data Engineer, you will be working closely with our Munich-based Data Engineers and focus on improving the operations and performance of our internal data platform. This is an opportunity to help Celonis internally unlock its full execution capacity using our Celonis Execution Management System, all while balancing usability and data availability with internal customer needs.
Show More
Report",$77K - $109K (Glassdoor est.),1001 to 5000 Employees,Company - Private,Information Technology,Computer Hardware Development,2011,Unknown / Non-Applicable
75,"Recruiting From Scratch
3.9",Data Engineer,Remote,"Who is Recruiting from Scratch:
Recruiting from Scratch is a premier talent firm that focuses on placing the best product managers, software, and hardware talent at innovative companies. Our team is 100% remote and we work with teams across the United States to help them hire. We work with companies funded by the best investors including Sequoia Capital, Lightspeed Ventures, Tiger Global Management, A16Z, Accel, DFJ, and more.
From Our Client
Location: New York / Remote
Job Type: Full-time
Experience: 3+ years










Show More
Report",Employer Provided Salary:$150K - $200K,1 to 50 Employees,Company - Private,Human Resources & Staffing,Staffing & Subcontracting,2019,$1 to $5 million (USD)
76,Tail Wind Informatics,Data Engineer,Minnesota,"About Us:
Tail Wind is an IT Consulting Services company—Microsoft Solutions Partner—that delivers Data Architecture and Business Intelligence solutions. We offer cloud and on-premise Data Architecture, ETL Development, Data Migration, Reporting and Dashboard solutions. We’ve established an excellent reputation providing these services to awesome customers! We are building a talented crew of data savvy individuals for local and national projects in data. We offer excellent compensation (salary, bonus, benefits). Most importantly, our people have an incredible opportunity to build their skills in a team environment.

We are currently seeking candidates for our Data Engineer position to do the following:
Responsibilities
Using Data Science techniques to preform predictive modeling services.
Show More
Report",Employer Provided Salary:$100K - $140K,1 to 50 Employees,Company - Public,N/A,N/A,N/A,Unknown / Non-Applicable
77,Rivago Infotech Inc,Azure Data Engineer (Day1 Onsite in Newyork),"Andes, NY","Role: Azure Databricks Engineer with PySpark and Snowflake exp
Location: NYC, NY (1271 Avenue of the Americas, New York, NY 10020) - 100% onsite from Day 1
Exp level : 8 to 14 years
Skills:
Great hands-on experience with Azure Databricks platform. Extensive experience in PySpark coding.
Excellent written and verbal communication, intellectual curiosity, a passion to understand and solve problems, consulting & customer service

Show More
Report",Employer Provided Salary:$70.00 - $72.00 Per Hour,Unknown,Company - Public,N/A,N/A,N/A,Unknown / Non-Applicable
78,"Peyton Resource Group (PRG)
4.2",Data Analytics Engineer,"Englewood, CO","Englewood/Remote, CO
Posted: 07/26/2023
Job Number: 20863
Job Description

About the Role

We are looking for a team member with excellent programming, data engineering, and analytical skills for the position of Senior Data Analyst, Data Science. To be successful in this role you will:
Design scalable data science programs to help capture, organize, and analyze data
Write clean, testable, and modularized code









Show More
Report",$87K - $115K (Glassdoor est.),1 to 50 Employees,Company - Private,Human Resources & Staffing,HR Consulting,2001,$5 to $25 million (USD)
79,N/A,N/A,N/A,N/A,Employer Provided Salary:$60.00 - $70.00 Per Hour,1 to 50 Employees,Company - Private,N/A,N/A,N/A,Unknown / Non-Applicable
80,"Pallidus, Inc
3.8",Data Engineer,Remote,"Pallidus, Inc. is a fast-growing producer of large diameter Silicon Carbide (SiC) wafers for high power and high frequency semiconductor applications in transportation, green energy, telecommunications, and Industrial markets. Pallidus’ M-SiC™ technology delivers step change improvements in SiC quality and cost effectiveness to drive wafer to device yield performance. Pallidus is a high energy, technology driven and innovative startup company looking for like-minded people to join our team.

SCOPE
Pallidus is looking for a Data Engineer to deliver business value through the design and integration of information models that originate from multiple data sources. You will be responsible for expanding and optimizing our data and data pipeline architecture and data flow and collection for cross-functional teams. The Data Engineer will be part of the growing the data science team and be responsible for the day-to-day activities related to the implementation of new services and support for existing services.

Show More
Report",Employer Provided Salary:$120K - $150K,1 to 50 Employees,Company - Private,N/A,N/A,N/A,Unknown / Non-Applicable
81,"Lucid Motors
3.2",Cloud Data Engineer,"Newark, CA","Leading the future in luxury electric and mobility
At Lucid, we set out to introduce the most captivating, luxury electric vehicles that elevate the human experience and transcend the perceived limitations of space, performance, and intelligence. Vehicles that are intuitive, liberating, and designed for the future of mobility.
We plan to lead in this new era of luxury electric by returning to the fundamentals of great design – where every decision we make is in service of the individual and environment. Because when you are no longer bound by convention, you are free to define your own experience.
Come work alongside some of the most accomplished minds in the industry. Beyond providing competitive salaries, we’re providing a community for innovators who want to make an immediate and significant impact. If you are driven to create a better, more sustainable future, then this is the right place for you.

We are looking for a top-notch Python developer with hands-on experience to join our Infrastructure and Cloud team. As a Cloud Developer, you will work within a newly formed team to expand the capabilities of departmental tooling using fault-tolerant and scalable solutions for multiple customers.







Show More
Report",$116K - $157K (Glassdoor est.),5001 to 10000 Employees,Company - Public,Manufacturing,Transportation Equipment Manufacturing,2007,Unknown / Non-Applicable
82,"Decision Point Healthcare
5.0",Junior Data Engineer,"Boston, MA","Boston, MA
Full-Time

We need your help.
We’re looking for a self-motivated and detail-oriented data engineer to join our DataOps team. This opportunity will enable you contribute to the operation, support, and enhancement of our mission critical data operations platform and the development of data pipelines. Our data operations platform supports high volume, high velocity data ingestion and curation to support our existing, and rapidly expanding, health plan client base.
What you’ll do:
Show More
Report",$83K - $119K (Glassdoor est.),1 to 50 Employees,Company - Public,N/A,N/A,2013,Less than $1 million (USD)
83,NLB Technology Services,Azure Data Engineer,Remote,"Role: Azure Data Engineer
Location: OH (Remote)
Rate: $60/hr on C2C max
Job Description:
· Experience designing, Building and deploying scalable Azure cloud based solution architectures
· Expertise in Python, SQL
· Experience building data lakes and data warehouses to support operational intelligence and business intelligence.
Show More
Report",Employer Provided Salary:$55.00 - $60.00 Per Hour,Unknown,Company - Public,N/A,N/A,N/A,Unknown / Non-Applicable
84,"Fetch
3.6",Data Engineer,"Madison, WI","What we're building and why we're building it.
There's a reason Fetch is ranked top 10 in Shopping in the App Store. Every day, millions of people earn Fetch Points buying brands they love. From the grocery aisle to the drive-through, Fetch makes saving money fun. We're more than just a build-first tech unicorn. We're a revolutionary shopping platform where brands and consumers come together for a loyalty-driving, points-exploding, money-saving party.
Join a fast-growing, founder-led technology company that's still only in its early innings. Ranked one of America's Best Startup Employers by Forbes two years in a row, Fetch is building a people-first culture rooted in trust and accountability. How do we do it? By empowering employees to think big, challenge ideas, and find new ways to bring the fun to Fetch. So what are you waiting for? Apply to join our rocketship today!
Show More
Report",$83K - $119K (Glassdoor est.),501 to 1000 Employees,Company - Private,Information Technology,Computer Hardware Development,2013,Unknown / Non-Applicable
85,"CRS Temporary Housing
3.3",Data Engineer,"Phoenix, AZ","CRS Temporary Housing is a leader in our industry providing temporary housing solutions to individuals who are displaced from their home due to loss. Working with insurance companies and the policyholders, we provide a variety of solutions to make this difficult time easier.
Our office is located near I-17 Cactus and in Phoenix, AZ.This position will be remote with the opportunity to collaborate in the office periodically. The ideal candidate will reside in Arizona.
Position Purpose:
The Data Engineer implements methods to improve data reliability and quality. This position will support our software developers, database architects, and data analysts on data initiatives and will ensure optimal data delivery architecture is consistent throughout ongoing projects.
Duties and Responsibilities:
Show More
Report",Employer Provided Salary:$105K - $139K,51 to 200 Employees,Company - Private,Real Estate,Real Estate,1989,Unknown / Non-Applicable
86,"Integration Developer Network LLC
4.9",Azure Data Engineer,Remote,"Skills:
Strong Experience with Azure Cloud
Strong Experience With Databricks
Strong Experience With Python Programming
Experience with Spark, Hadoop, Hive, Pig etc. Proven expertise with extracting data from a wide variety of sources and transforming the data as needed.
Previous experience with statistical modeling and deep learning frameworks / libraries is a definite plus.
Strong Experience With Python Programming

Show More
Report",Employer Provided Salary:$70.00 - $75.00 Per Hour,51 to 200 Employees,Company - Private,Information Technology,Information Technology Support Services,2011,$1 to $5 million (USD)
87,"NS2 Mission
4.1",Data Engineer (ETL),"Reston, VA","Are you interested in working in a dynamic environment that offers opportunities for professional growth and new responsibilities by helping clients drive alignment with their business, advising through critical and complex issues, while allowing you to develop personally and professionally? Then consider a career at NS2 Mission. We have grown into an industry leading provider of technology services to the IC, DoD, and U.S. Government.
Position Description:
NS2 Mission is seeking a Data Engineer (ETL) to support a new program in Reston, VA. The team is looking for candidates with Junior to Expert level experience.
Functional Responsibilities:
Process collection data to move, unpack, decrypt, decode, store, tag and disseminate

Show More
Report",$88K - $119K (Glassdoor est.),501 to 1000 Employees,Subsidiary or Business Segment,Information Technology,Enterprise Software & Network Solutions,2003,$500 million to $1 billion (USD)
88,"Calhoun International, LLC
3.7",Data Engineer,"Honolulu, HI","About Us:
Calhoun International is an information technology and management consulting company providing innovative solutions to our clients. Our expertise ranges from strategic intelligence analysis and network modeling, expert instruction on intelligence analysis and sensors, and cyberspace operations to information systems training and services as well as knowledge management. Calhoun International is located in Tampa, FL with employees in Florida, Maryland, Virginia, Washington, D.C. and overseas. All qualified applicants will receive consideration for employment without regard to race, color, religion, sex, or national origin.
Background:
Support the INDOPACOM JIOC, conducting strategic topic research and analysis for new intelligence requirements.
Specific needs are identified for support in ""'collaborative intelligence planning, collection strategy development. Intelligence, Surveillance, and Reconnaissance (ISR) mission management, foreign disclosure support. Counterintelligence (Cl). Human Intelligence (HUMINT). collection operations management, exploitation, and innovative R&D, and Cyber Forensics.



Show More
Report",$83K - $122K (Glassdoor est.),1 to 50 Employees,Company - Private,Management & Consulting,Business Consulting,N/A,$1 to $5 million (USD)
89,N/A,N/A,N/A,N/A,N/A,N/A,N/A,N/A,N/A,N/A,N/A
